Date,CourseUS
2010-11-03,30.7941
2010-11-04,30.7709
2010-11-09,30.8029
2010-11-10,30.8612
2010-11-11,30.6925
2010-11-12,30.5107
2010-11-13,30.7722
2010-11-14,30.8414
2010-11-16,30.8632
2010-11-17,31.056
2010-11-18,31.3487
2010-11-19,31.1999
2010-11-20,30.949
2010-11-23,30.995
2010-11-24,31.2642
2010-11-25,31.2929
2010-11-26,31.2842
2010-11-27,31.3539
2010-11-30,31.3061
2010-12-01,31.3335
2010-12-02,31.4555
2010-12-03,31.3518
2010-12-04,31.2641
2010-12-07,31.2867
2010-12-08,31.2238
2010-12-09,31.243
2010-12-10,30.9831
2010-12-11,30.8604
2010-12-14,30.9006
2010-12-15,30.7447
2010-12-16,30.7199
2010-12-17,30.7528
2010-12-18,30.6682
2010-12-21,30.7746
2010-12-22,30.7188
2010-12-23,30.7187
2010-12-24,30.5922
2010-12-25,30.5778
2010-12-28,30.4495
2010-12-29,30.272
2010-12-30,30.3592
2010-12-31,30.4769
2011-01-01,30.3505
2011-01-12,30.6252
2011-01-13,30.3988
2011-01-14,30.0926
2011-01-15,29.954
2011-01-18,30.0534
2011-01-19,29.8881
2011-01-20,29.8252
2011-01-21,29.9147
2011-01-22,30.0109
2011-01-25,29.8516
2011-01-26,29.7948
2011-01-27,29.7768
2011-01-28,29.6738
2011-01-29,29.6684
2011-02-01,29.8018
2011-02-02,29.6548
2011-02-03,29.4219
2011-02-04,29.3489
2011-02-05,29.4136
2011-02-08,29.3689
2011-02-09,29.255
2011-02-10,29.301
2011-02-11,29.3535
2011-02-12,29.32
2011-02-15,29.2583
2011-02-16,29.285
2011-02-17,29.2735
2011-02-18,29.2447
2011-02-19,29.2585
2011-02-22,29.1549
2011-02-23,29.2859
2011-02-25,29.1611
2011-02-26,28.9405
2011-03-01,28.9028
2011-03-02,28.7569
2011-03-03,28.6277
2011-03-04,28.3228
2011-03-05,28.188
2011-03-06,28.1717
2011-03-10,28.2945
2011-03-11,28.4356
2011-03-12,28.6317
2011-03-15,28.664
2011-03-16,28.7263
2011-03-17,28.6582
2011-03-18,28.7422
2011-03-19,28.4763
2011-03-22,28.3675
2011-03-23,28.1561
2011-03-24,28.27
2011-03-25,28.4015
2011-03-26,28.2237
2011-03-29,28.411
2011-03-30,28.3436
2011-03-31,28.429
2011-04-01,28.5162
2011-04-02,28.3684
2011-04-05,28.2277
2011-04-06,28.3113
2011-04-07,28.2164
2011-04-08,28.2286
2011-04-09,28.1211
2011-04-12,27.9758
2011-04-13,28.1456
2011-04-14,28.1145
2011-04-15,28.1886
2011-04-16,28.2212
2011-04-19,28.1636
2011-04-20,28.4213
2011-04-21,28.1457
2011-04-22,27.9398
2011-04-23,27.9396
2011-04-26,27.9924
2011-04-27,27.8964
2011-04-28,27.7144
2011-04-29,27.4977
2011-04-30,27.5022
2011-05-04,27.3348
2011-05-05,27.3675
2011-05-06,27.2625
2011-05-07,27.6635
2011-05-11,27.8645
2011-05-12,27.6288
2011-05-13,27.9472
2011-05-14,27.8497
2011-05-17,28.122
2011-05-18,28.1177
2011-05-19,28.0466
2011-05-20,27.9608
2011-05-21,27.9145
2011-05-24,28.3418
2011-05-25,28.437
2011-05-26,28.4794
2011-05-27,28.228
2011-05-28,28.1166
2011-05-31,28.0685
2011-06-01,27.9805
2011-06-02,27.9682
2011-06-03,28.0419
2011-06-04,27.8751
2011-06-07,27.7752
2011-06-08,27.7814
2011-06-09,27.6847
2011-06-10,27.7033
2011-06-11,27.7907
2011-06-15,27.8984
2011-06-16,27.8957
2011-06-17,28.19
2011-06-18,28.1778
2011-06-21,28.1783
2011-06-22,28.0118
2011-06-23,27.896
2011-06-24,28.0568
2011-06-25,28.1655
2011-06-28,28.3478
2011-06-29,28.2352
2011-06-30,28.0758
2011-07-01,27.8726
2011-07-02,27.8536
2011-07-05,27.8037
2011-07-06,27.8622
2011-07-07,27.8907
2011-07-08,27.9853
2011-07-09,27.888
2011-07-12,28.0839
2011-07-13,28.3842
2011-07-14,28.2557
2011-07-15,28.061
2011-07-16,28.1277
2011-07-19,28.1775
2011-07-20,28.1505
2011-07-21,28.0466
2011-07-22,27.908
2011-07-23,27.7169
2011-07-26,27.7413
2011-07-27,27.546
2011-07-28,27.4439
2011-07-29,27.5907
2011-07-30,27.6796
2011-08-02,27.5204
2011-08-03,27.8154
2011-08-04,27.8996
2011-08-05,27.8432
2011-08-06,28.3382
2011-08-09,28.521
2011-08-10,29.4166
2011-08-11,29.3065
2011-08-12,29.417
2011-08-13,29.4452
2011-08-16,28.8576
2011-08-17,28.7032
2011-08-18,28.7207
2011-08-19,28.9115
2011-08-20,29.2709
2011-08-23,29.2555
2011-08-24,28.9547
2011-08-25,28.9037
2011-08-26,28.8825
2011-08-27,28.8717
2011-08-30,28.7108
2011-08-31,28.8569
2011-09-01,28.9278
2011-09-02,28.8911
2011-09-03,29.0604
2011-09-06,29.3436
2011-09-07,29.6107
2011-09-08,29.4905
2011-09-09,29.5015
2011-09-10,29.6904
2011-09-13,30.3034
2011-09-14,30.1872
2011-09-15,30.3643
2011-09-16,30.5042
2011-09-17,30.5328
2011-09-20,30.868
2011-09-21,31.496
2011-09-22,31.4122
2011-09-23,31.9106
2011-09-24,32.1083
2011-09-27,32.4619
2011-09-28,32.2201
2011-09-29,31.818
2011-09-30,31.8751
2011-10-01,32.11
2011-10-04,32.589
2011-10-05,32.6799
2011-10-06,32.6374
2011-10-07,32.5085
2011-10-08,32.2005
2011-10-11,32.0096
2011-10-12,31.427
2011-10-13,31.4151
2011-10-14,31.2014
2011-10-15,30.9905
2011-10-18,30.737
2011-10-19,30.9694
2011-10-20,30.9257
2011-10-21,31.3788
2011-10-22,31.3361
2011-10-25,30.8255
2011-10-26,30.4971
2011-10-27,30.5732
2011-10-28,30.2421
2011-10-29,29.8977
2011-11-01,30.1245
2011-11-02,30.6448
2011-11-03,30.683
2011-11-04,30.8438
2011-11-08,30.5694
2011-11-09,30.5014
2011-11-10,30.1033
2011-11-11,30.8454
2011-11-12,30.5282
2011-11-15,30.2921
2011-11-16,30.66
2011-11-17,30.8417
2011-11-18,30.7337
2011-11-19,30.919
2011-11-22,30.9693
2011-11-23,31.0612
2011-11-24,31.2133
2011-11-25,31.4365
2011-11-26,31.5788
2011-11-29,31.4117
2011-11-30,31.3216
2011-12-01,31.4001
2011-12-02,30.8486
2011-12-03,30.8099
2011-12-06,30.9068
2011-12-07,31.1026
2011-12-08,31.1527
2011-12-09,31.2308
2011-12-10,31.5691
2011-12-13,31.4134
2011-12-14,31.6704
2011-12-15,31.7655
2011-12-16,31.8957
2011-12-17,31.7701
2011-12-20,32.0323
2011-12-21,32.0519
2011-12-22,31.7645
2011-12-23,31.5634
2011-12-24,31.2575
2011-12-27,31.2266
2011-12-28,31.0847
2011-12-29,31.5633
2011-12-30,32.0197
2011-12-31,32.1961
2012-01-11,31.8729
2012-01-12,31.6886
2012-01-13,31.6807
2012-01-14,31.583
2012-01-17,31.9344
2012-01-18,31.5445
2012-01-19,31.5428
2012-01-20,31.4777
2012-01-21,31.2879
2012-01-24,31.3325
2012-01-25,30.8752
2012-01-26,30.667
2012-01-27,30.36
2012-01-28,30.3626
2012-01-31,30.3647
2012-02-01,30.3131
2012-02-02,30.4067
2012-02-03,30.1855
2012-02-04,30.2385
2012-02-07,30.2324
2012-02-08,30.0871
2012-02-09,29.693
2012-02-10,29.6795
2012-02-11,29.8923
2012-02-14,29.8873
2012-02-15,30.0868
2012-02-16,29.944
2012-02-17,30.2098
2012-02-18,29.9982
2012-02-21,29.7805
2012-02-22,29.7796
2012-02-23,29.7692
2012-02-25,29.449
2012-02-28,29.1264
2012-02-29,28.9503
2012-03-01,29.0253
2012-03-02,29.2889
2012-03-03,29.296
2012-03-06,29.2892
2012-03-07,29.4508
2012-03-08,29.6621
2012-03-12,29.5406
2012-03-13,29.6666
2012-03-14,29.5091
2012-03-15,29.5125
2012-03-16,29.5822
2012-03-17,29.3578
2012-03-20,29.2224
2012-03-21,29.1652
2012-03-22,29.2079
2012-03-23,29.2447
2012-03-24,29.4038
2012-03-27,29.2311
2012-03-28,28.9468
2012-03-29,29.0845
2012-03-30,29.2853
2012-03-31,29.3282
2012-04-03,29.3479
2012-04-04,29.2944
2012-04-05,29.4285
2012-04-06,29.4303
2012-04-07,29.4606
2012-04-10,29.6358
2012-04-11,29.6359
2012-04-12,29.8033
2012-04-13,29.569
2012-04-14,29.4711
2012-04-17,29.7614
2012-04-18,29.6368
2012-04-19,29.4978
2012-04-20,29.5122
2012-04-21,29.5214
2012-04-24,29.488
2012-04-25,29.4549
2012-04-26,29.2962
2012-04-27,29.277
2012-04-28,29.4234
2012-04-29,29.3627
2012-05-03,29.3708
2012-05-04,29.463
2012-05-05,29.5937
2012-05-06,29.8075
2012-05-11,30.1891
2012-05-12,30.2306
2012-05-13,30.1793
2012-05-15,30.2652
2012-05-16,30.3299
2012-05-17,30.9758
2012-05-18,30.9417
2012-05-19,31.3921
2012-05-22,31.1582
2012-05-23,31.0644
2012-05-24,31.3803
2012-05-25,31.6247
2012-05-26,31.7572
2012-05-29,31.827
2012-05-30,32.086
2012-05-31,32.4509
2012-06-01,32.9173
2012-06-02,33.7384
2012-06-05,34.0395
2012-06-06,33.2001
2012-06-07,32.7889
2012-06-08,32.1922
2012-06-09,32.7358
2012-06-10,32.5862
2012-06-14,32.7331
2012-06-15,32.5766
2012-06-16,32.3945
2012-06-19,32.1315
2012-06-20,32.5315
2012-06-21,32.5166
2012-06-22,32.9054
2012-06-23,33.5191
2012-06-26,33.1693
2012-06-27,33.1732
2012-06-28,32.8384
2012-06-29,32.9412
2012-06-30,32.8169
2012-07-03,32.5287
2012-07-04,32.4789
2012-07-05,32.2065
2012-07-06,32.4727
2012-07-07,32.624
2012-07-10,32.9907
2012-07-11,32.9754
2012-07-12,32.8282
2012-07-13,32.7177
2012-07-14,32.659
2012-07-17,32.6208
2012-07-18,32.4955
2012-07-19,32.4041
2012-07-20,32.0764
2012-07-21,31.9509
2012-07-24,32.376
2012-07-25,32.6324
2012-07-26,32.9657
2012-07-27,32.6224
2012-07-28,32.2131
2012-07-31,32.1881
2012-08-01,32.2058
2012-08-02,32.3322
2012-08-03,32.4563
2012-08-04,32.5361
2012-08-07,31.9451
2012-08-08,31.6644
2012-08-09,31.6907
2012-08-10,31.4807
2012-08-11,31.8974
2012-08-14,31.8707
2012-08-15,31.7739
2012-08-16,31.8532
2012-08-17,31.9011
2012-08-18,31.8469
2012-08-21,32.0165
2012-08-22,31.9606
2012-08-23,31.8056
2012-08-24,31.683
2012-08-25,31.8099
2012-08-28,31.8703
2012-08-29,32.0183
2012-08-30,32.0942
2012-08-31,32.2934
2012-09-01,32.5669
2012-09-04,32.4171
2012-09-05,32.1995
2012-09-06,32.4608
2012-09-07,32.1998
2012-09-08,32.0142
2012-09-11,31.7221
2012-09-12,31.7768
2012-09-13,31.478
2012-09-14,31.3992
2012-09-15,30.8181
2012-09-18,30.5867
2012-09-19,30.8795
2012-09-20,30.8634
2012-09-21,31.5758
2012-09-22,31.1667
2012-09-25,31.2513
2012-09-26,31.1608
2012-09-27,31.2221
2012-09-28,31.1951
2012-09-29,30.9169
2012-10-02,31.2538
2012-10-03,31.135
2012-10-04,31.1944
2012-10-05,31.121
2012-10-06,30.9744
2012-10-09,31.0777
2012-10-10,31.0994
2012-10-11,31.2017
2012-10-12,31.1667
2012-10-13,30.9738
2012-10-16,31.0791
2012-10-17,30.9493
2012-10-18,30.7964
2012-10-19,30.7195
2012-10-20,30.7823
2012-10-23,30.9084
2012-10-24,31.1171
2012-10-25,31.3039
2012-10-26,31.2499
2012-10-27,31.478
2012-10-30,31.4373
2012-10-31,31.5252
2012-11-01,31.3743
2012-11-02,31.3666
2012-11-03,31.3817
2012-11-07,31.5195
2012-11-08,31.3033
2012-11-09,31.5146
2012-11-10,31.4962
2012-11-13,31.6053
2012-11-14,31.7164
2012-11-15,31.7267
2012-11-16,31.6919
2012-11-17,31.7184
2012-11-20,31.6677
2012-11-21,31.4263
2012-11-22,31.4218
2012-11-23,31.1525
2012-11-24,31.1325
2012-11-27,31.0201
2012-11-28,30.941
2012-11-29,31.1408
2012-11-30,31.0565
2012-12-01,30.811
2012-12-04,30.8365
2012-12-05,30.994
2012-12-06,30.8235
2012-12-07,30.9107
2012-12-08,30.967
2012-12-11,30.8686
2012-12-12,30.7506
2012-12-13,30.7321
2012-12-14,30.6034
2012-12-15,30.6892
2012-12-18,30.7696
2012-12-19,30.9859
2012-12-20,30.7606
2012-12-21,30.7592
2012-12-22,30.7194
2012-12-25,30.8046
2012-12-26,30.5926
2012-12-27,30.615
2012-12-28,30.4808
2012-12-29,30.3727
2012-12-30,30.3727
2013-01-10,30.4215
2013-01-11,30.365
2013-01-12,30.2537
2013-01-15,30.2607
2013-01-16,30.2556
2013-01-17,30.3399
2013-01-18,30.3431
2013-01-19,30.2065
2013-01-22,30.297
2013-01-23,30.195
2013-01-24,30.2292
2013-01-25,30.1648
2013-01-26,30.0451
2013-01-29,30.0782
2013-01-30,30.1513
2013-01-31,30.0277
2013-02-01,30.0161
2013-02-02,29.9966
2013-02-05,29.9251
2013-02-06,30.1231
2013-02-07,29.9598
2013-02-08,30.0496
2013-02-09,30.1575
2013-02-12,30.159
2013-02-13,30.1713
2013-02-14,30.0692
2013-02-15,30.0773
2013-02-16,30.1139
2013-02-19,30.1258
2013-02-20,30.1277
2013-02-21,30.0502
2013-02-22,30.2337
2013-02-23,30.3596
2013-02-26,30.3368
2013-02-27,30.5889
2013-02-28,30.6202
2013-03-01,30.5124
2013-03-02,30.6381
2013-03-05,30.787
2013-03-06,30.6963
2013-03-07,30.6214
2013-03-08,30.7628
2013-03-12,30.7576
2013-03-13,30.7499
2013-03-14,30.7209
2013-03-15,30.7769
2013-03-16,30.7196
2013-03-19,30.8908
2013-03-20,30.8285
2013-03-21,30.9446
2013-03-22,30.8923
2013-03-23,30.9325
2013-03-26,30.7585
2013-03-27,30.8734
2013-03-28,30.863
2013-03-29,30.9962
2013-03-30,31.0834
2013-04-02,31.1093
2013-04-03,31.1178
2013-04-04,31.3918
2013-04-05,31.7203
2013-04-06,31.6207
2013-04-09,31.6144
2013-04-10,31.2086
2013-04-11,31.0036
2013-04-12,30.8814
2013-04-13,30.9308
2013-04-16,31.3051
2013-04-17,31.4512
2013-04-18,31.232
2013-04-19,31.7151
2013-04-20,31.4605
2013-04-23,31.5664
2013-04-24,31.6414
2013-04-25,31.5917
2013-04-26,31.3169
2013-04-27,31.2196
2013-04-30,31.2559
2013-05-01,31.0433
2013-05-07,31.0839
2013-05-08,31.0789
2013-05-09,31.0829
2013-05-14,31.3777
2013-05-15,31.2778
2013-05-16,31.4281
2013-05-17,31.4166
2013-05-18,31.3931
2013-05-21,31.3406
2013-05-22,31.177
2013-05-23,31.228
2013-05-24,31.4711
2013-05-25,31.3164
2013-05-28,31.3025
2013-05-29,31.3784
2013-05-30,31.5203
2013-05-31,31.5893
2013-06-01,31.7979
2013-06-04,32.0487
2013-06-05,31.8344
2013-06-06,31.9816
2013-06-07,32.1385
2013-06-08,32.2397
2013-06-11,32.3246
2013-06-12,32.3951
2013-06-14,32.3467
2013-06-15,31.8029
2013-06-18,31.679
2013-06-19,31.8824
2013-06-20,32.1201
2013-06-21,32.7041
2013-06-22,32.7433
2013-06-25,32.9097
2013-06-26,32.714
2013-06-27,32.8876
2013-06-28,32.8766
2013-06-29,32.709
2013-07-02,32.8517
2013-07-03,32.9475
2013-07-04,33.2204
2013-07-05,33.1605
2013-07-06,33.2247
2013-07-09,33.321
2013-07-10,33.0842
2013-07-11,32.9112
2013-07-12,32.5867
2013-07-13,32.6429
2013-07-16,32.622
2013-07-17,32.5417
2013-07-18,32.4526
2013-07-19,32.3998
2013-07-20,32.4288
2013-07-23,32.3236
2013-07-24,32.3106
2013-07-25,32.3462
2013-07-26,32.5376
2013-07-27,32.6371
2013-07-30,32.8556
2013-07-31,32.8901
2013-08-01,33.033
2013-08-02,32.9741
2013-08-03,33.0978
2013-08-06,32.8811
2013-08-07,32.939
2013-08-08,32.9848
2013-08-09,32.9401
2013-08-10,32.8606
2013-08-13,32.891
2013-08-14,33.0426
2013-08-15,33.1583
2013-08-16,33.0004
2013-08-17,32.9421
2013-08-20,32.9226
2013-08-21,33.0006
2013-08-22,32.9737
2013-08-23,33.1908
2013-08-24,33.0552
2013-08-27,32.9564
2013-08-28,33.1224
2013-08-29,33.1798
2013-08-30,33.1783
2013-08-31,33.2474
2013-09-03,33.2522
2013-09-04,33.3693
2013-09-05,33.4656
2013-09-06,33.3901
2013-09-07,33.4338
2013-09-10,33.3243
2013-09-11,33.06
2013-09-12,32.9629
2013-09-13,32.6731
2013-09-14,32.7406
2013-09-17,32.2907
2013-09-18,32.3237
2013-09-19,32.245
2013-09-20,31.5892
2013-09-21,31.7326
2013-09-24,31.9106
2013-09-25,31.8167
2013-09-26,31.9343
2013-09-27,32.1736
2013-09-28,32.3451
2013-10-01,32.4839
2013-10-02,32.2965
2013-10-03,32.2979
2013-10-04,32.125
2013-10-05,32.1005
2013-10-08,32.2931
2013-10-09,32.2984
2013-10-10,32.3619
2013-10-11,32.3564
2013-10-12,32.2133
2013-10-15,32.2663
2013-10-16,32.2676
2013-10-17,32.2561
2013-10-18,32.0816
2013-10-19,31.846
2013-10-22,31.9013
2013-10-23,31.9346
2013-10-24,31.7448
2013-10-25,31.6618
2013-10-26,31.6775
2013-10-29,31.8119
2013-10-30,31.9445
2013-10-31,32.0613
2013-11-01,32.0758
2013-11-02,32.1808
2013-11-06,32.3509
2013-11-07,32.4511
2013-11-08,32.3803
2013-11-09,32.5479
2013-11-12,32.6622
2013-11-13,32.8076
2013-11-14,32.8184
2013-11-15,32.6874
2013-11-16,32.6807
2013-11-19,32.5658
2013-11-20,32.6098
2013-11-21,32.7417
2013-11-22,33.018
2013-11-23,32.9055
2013-11-26,32.7733
2013-11-27,32.9879
2013-11-28,33.0041
2013-11-29,33.1332
2013-11-30,33.1916
2013-12-03,33.1482
2013-12-04,33.246
2013-12-05,33.2632
2013-12-06,33.114
2013-12-07,32.9514
2013-12-10,32.7782
2013-12-11,32.7848
2013-12-12,32.7315
2013-12-13,32.7518
2013-12-14,32.8663
2013-12-17,32.8658
2013-12-18,32.8646
2013-12-19,32.9404
2013-12-20,32.9527
2013-12-21,32.9798
2013-12-24,32.9506
2013-12-25,32.6284
2013-12-26,32.6487
2013-12-27,32.671
2013-12-28,32.6282
2013-12-31,32.7292
2014-01-01,32.6587
2014-01-10,33.1547
2014-01-11,33.2062
2014-01-14,33.1204
2014-01-15,33.2386
2014-01-16,33.3562
2014-01-17,33.4013
2014-01-18,33.4343
2014-01-21,33.6429
2014-01-22,33.8161
2014-01-23,33.8688
2014-01-24,34.0334
2014-01-25,34.26
2014-01-28,34.7093
2014-01-29,34.625
2014-01-30,34.5633
2014-01-31,35.2448
2014-02-01,35.18
2014-02-04,35.2347
2014-02-05,35.4502
2014-02-06,34.9592
2014-02-07,34.7287
2014-02-08,34.6044
2014-02-11,34.7636
2014-02-12,34.7964
2014-02-13,34.7595
2014-02-14,34.8611
2014-02-15,35.2559
2014-02-18,35.0976
2014-02-19,35.2386
2014-02-20,35.5857
2014-02-21,35.767
2014-02-22,35.6828
2014-02-25,35.5112
2014-02-26,35.5669
2014-02-27,35.7872
2014-02-28,36.0501
2014-03-01,36.1847
2014-03-04,36.3784
2014-03-05,36.3208
2014-03-06,36.0849
2014-03-07,36.1251
2014-03-08,36.2618
2014-03-12,36.4015
2014-03-13,36.4865
2014-03-14,36.4566
2014-03-15,36.6391
2014-03-18,36.6505
2014-03-19,36.4487
2014-03-20,36.207
2014-03-21,36.1081
2014-03-22,36.4022
2014-03-25,36.1663
2014-03-26,35.9316
2014-03-27,35.4494
2014-03-28,35.581
2014-03-29,35.6871
2014-04-01,35.6053
2014-04-02,35.024
2014-04-03,35.2517
2014-04-04,35.5154
2014-04-05,35.501
2014-04-08,35.4679
2014-04-09,35.5475
2014-04-10,35.7493
2014-04-11,35.5581
2014-04-12,35.6239
2014-04-15,35.989
2014-04-16,35.9635
2014-04-17,36.0813
2014-04-18,35.9287
2014-04-19,35.5389
2014-04-22,35.6688
2014-04-23,35.6785
2014-04-24,35.6625
2014-04-25,35.683
2014-04-26,35.9289
2014-04-29,36.0245
2014-04-30,35.6983
2014-05-01,35.7227
2014-05-06,35.8381
2014-05-07,35.655
2014-05-08,35.4971
2014-05-09,35.0343
2014-05-13,35.2091
2014-05-14,34.8789
2014-05-15,34.709
2014-05-16,34.7005
2014-05-17,34.7794
2014-05-20,34.7394
2014-05-21,34.6007
2014-05-22,34.5078
2014-05-23,34.2802
2014-05-24,34.3139
2014-05-27,34.0771
2014-05-28,34.2571
2014-05-29,34.4895
2014-05-30,34.6481
2014-05-31,34.7352
2014-06-03,34.8887
2014-06-04,35.0115
2014-06-05,35.1398
2014-06-06,34.9043
2014-06-07,34.6573
2014-06-10,34.3303
2014-06-11,34.3681
2014-06-12,34.3227
2014-06-17,34.5654
2014-06-18,34.8095
2014-06-19,34.8232
2014-06-20,34.3025
2014-06-21,34.419
2014-06-24,34.2797
2014-06-25,33.9812
2014-06-26,33.907
2014-06-27,33.7508
2014-06-28,33.6306
2014-07-01,33.8434
2014-07-02,34.2275
2014-07-03,34.2496
2014-07-04,34.1949
2014-07-05,34.3236
2014-07-08,34.5691
2014-07-09,34.4258
2014-07-10,34.0758
2014-07-11,33.8353
2014-07-12,34.0582
2014-07-15,34.3135
2014-07-16,34.3723
2014-07-17,34.3853
2014-07-18,34.7998
2014-07-19,35.1627
2014-07-22,35.09
2014-07-23,35.0387
2014-07-24,34.8101
2014-07-25,35.0786
2014-07-26,35.0535
2014-07-29,35.3457
2014-07-30,35.6339
2014-07-31,35.7271
2014-08-01,35.4438
2014-08-02,35.7272
2014-08-05,35.6605
2014-08-06,35.7987
2014-08-07,36.1102
2014-08-08,36.2496
2014-08-09,36.4461
2014-08-12,36.0475
2014-08-13,36.089
2014-08-14,36.2222
2014-08-15,36.0395
2014-08-16,36.0014
2014-08-19,36.0294
2014-08-20,36.1094
2014-08-21,36.224
2014-08-22,36.3317
2014-08-23,36.0027
2014-08-26,36.1201
2014-08-27,36.1358
2014-08-28,36.1397
2014-08-29,36.3053
2014-08-30,36.9316
2014-09-02,37.2945
2014-09-03,37.348
2014-09-04,37.3183
2014-09-05,36.8038
2014-09-06,36.9219
2014-09-09,37.0866
2014-09-10,37.0261
2014-09-11,37.1693
2014-09-12,37.3758
2014-09-13,37.6545
2014-09-16,37.9861
2014-09-17,38.7058
2014-09-18,38.3724
2014-09-19,38.4209
2014-09-20,38.4134
2014-09-23,38.5782
2014-09-24,38.6672
2014-09-25,38.383
2014-09-26,38.3007
2014-09-27,38.7243
2014-09-30,39.3866
2014-10-01,39.3836
2014-10-02,39.6604
2014-10-03,39.5474
2014-10-04,39.698
2014-10-07,39.982
2014-10-08,39.7417
2014-10-09,39.9819
2014-10-10,39.98
2014-10-11,40.2125
2014-10-14,40.3251
2014-10-15,40.5304
2014-10-16,40.9416
2014-10-17,40.7457
2014-10-18,41.045
2014-10-21,40.8815
2014-10-22,41.0501
2014-10-23,40.9671
2014-10-24,41.4958
2014-10-25,41.8101
2014-10-28,41.9497
2014-10-29,42.3934
2014-10-30,42.6525
2014-10-31,43.3943
2014-11-01,41.9627
2014-11-06,44.3993
2014-11-07,45.1854
2014-11-08,47.8774
2014-11-11,45.8926
2014-11-12,45.952
2014-11-13,46.3379
2014-11-14,46.1233
2014-11-15,47.392
2014-11-18,47.3329
2014-11-19,46.9797
2014-11-20,47.0294
2014-11-21,46.7047
2014-11-22,45.7926
2014-11-25,44.7852
2014-11-26,44.9758
2014-11-27,46.4244
2014-11-28,47.6629
2014-11-29,49.322
2014-12-02,51.8068
2014-12-03,50.7678
2014-12-04,54.3821
2014-12-05,52.6932
2014-12-06,53.1088
2014-12-09,53.3079
2014-12-10,54.2116
2014-12-11,54.2758
2014-12-12,54.7932
2014-12-13,56.8919
2014-12-16,58.3461
2014-12-17,61.1512
2014-12-18,67.7851
2014-12-19,59.6029
2014-12-20,60.6825
2014-12-23,56.494
2014-12-24,54.5687
2014-12-25,54.4913
2014-12-26,52.6159
2014-12-27,52.0343
2014-12-30,56.6801
2014-12-31,56.2584
2015-01-01,56.2376
2015-01-13,62.7363
2015-01-14,64.8425
2015-01-15,66.0983
2015-01-16,64.8337
2015-01-17,65.1738
2015-01-20,64.9732
2015-01-21,64.9862
2015-01-22,65.5558
2015-01-23,65.4
2015-01-24,63.393
2015-01-27,65.5937
2015-01-28,67.8153
2015-01-29,67.1506
2015-01-30,68.7303
2015-01-31,68.9291
2015-02-03,69.664
2015-02-04,67.7727
2015-02-05,65.447
2015-02-06,68.6113
2015-02-07,66.0432
2015-02-10,65.7817
2015-02-11,65.4469
2015-02-12,66.0585
2015-02-13,66.0994
2015-02-14,65.0862
2015-02-17,62.6632
2015-02-18,62.8353
2015-02-19,62.4001
2015-02-20,62.1307
2015-02-21,61.7235
2015-02-25,63.5083
2015-02-26,62.5906
2015-02-27,60.7109
2015-02-28,61.2718
2015-03-03,62.2248
2015-03-04,62.3649
2015-03-05,61.8745
2015-03-06,61.8457
2015-03-07,59.9938
2015-03-11,60.6649
2015-03-12,62.6797
2015-03-13,60.9595
2015-03-14,61.3167
2015-03-17,62.1497
2015-03-18,61.751
2015-03-19,61.3483
2015-03-20,59.8308
2015-03-21,60.0341
2015-03-24,59.4452
2015-03-25,58.771
2015-03-26,57.3879
2015-03-27,56.4271
2015-03-28,57.7279
2015-03-31,58.4643
2015-04-01,57.65
2015-04-02,58.3536
2015-04-03,56.9902
2015-04-04,56.7534
2015-04-07,56.5161
2015-04-08,55.3328
2015-04-09,54.027
2015-04-10,52.5424
2015-04-11,51.0678
2015-04-14,52.422
2015-04-15,51.9749
2015-04-16,50.5033
2015-04-17,49.6749
2015-04-18,50.5295
2015-04-21,51.5207
2015-04-22,53.9728
2015-04-23,53.6555
2015-04-24,51.6011
2015-04-25,50.2473
2015-04-28,51.469
2015-04-29,52.3041
2015-04-30,51.7029
2015-05-01,51.1388
2015-05-06,51.7574
2015-05-07,49.9816
2015-05-08,50.3615
2015-05-09,50.7511
2015-05-13,50.914
2015-05-14,49.5366
2015-05-15,50.0774
2015-05-16,50.0115
2015-05-19,49.2175
2015-05-20,49.1777
2015-05-21,49.7919
2015-05-22,49.9204
2015-05-23,49.7901
2015-05-26,49.8613
2015-05-27,50.3223
2015-05-28,51.0178
2015-05-29,52.2907
2015-05-30,52.9716
2015-06-02,52.8213
2015-06-03,53.4413
2015-06-04,53.059
2015-06-05,54.9908
2015-06-06,56.2463
2015-06-09,56.0435
2015-06-10,55.91
2015-06-11,54.8219
2015-06-12,54.5285
2015-06-16,55.2679
2015-06-17,54.0409
2015-06-18,53.8999
2015-06-19,53.3301
2015-06-20,53.8006
2015-06-23,53.5569
2015-06-24,54.2081
2015-06-25,54.0746
2015-06-26,54.6026
2015-06-27,54.8126
2015-06-30,55.524
2015-07-01,55.8413
2015-07-02,55.4756
2015-07-03,55.6555
2015-07-04,55.6049
2015-07-07,56.4112
2015-07-08,57.2192
2015-07-09,57.2174
2015-07-10,56.9803
2015-07-11,56.6685
2015-07-14,56.6079
2015-07-15,56.9774
2015-07-16,56.6642
2015-07-17,56.9504
2015-07-18,56.8423
2015-07-21,56.8336
2015-07-22,57.0025
2015-07-23,57.0232
2015-07-24,57.3578
2015-07-25,58.0374
2015-07-28,58.7816
2015-07-29,60.2231
2015-07-30,59.7665
2015-07-31,58.9906
2015-08-01,60.3458
2015-08-04,62.4677
2015-08-05,62.9182
2015-08-06,62.7184
2015-08-07,63.8644
2015-08-08,63.8399
2015-08-11,64.4977
2015-08-12,63.2098
2015-08-13,65.0169
2015-08-14,63.9988
2015-08-15,64.9363
2015-08-18,65.5034
2015-08-19,65.8289
2015-08-20,65.7222
2015-08-21,66.9608
2015-08-22,68.1216
2015-08-25,70.7465
2015-08-26,69.9461
2015-08-27,69.3142
2015-08-28,67.4473
2015-08-29,66.4779
2015-09-01,66.7152
2015-09-02,65.3495
2015-09-03,66.6756
2015-09-04,67.0102
2015-09-05,67.685
2015-09-08,68.4864
2015-09-09,68.7932
2015-09-10,67.6219
2015-09-11,68.4961
2015-09-12,68.0093
2015-09-15,67.9571
2015-09-16,67.1574
2015-09-17,65.9273
2015-09-18,65.3623
2015-09-19,65.6445
2015-09-22,66.1455
2015-09-23,66.1747
2015-09-24,66.041
2015-09-25,66.5151
2015-09-26,65.6727
2015-09-29,65.547
2015-09-30,66.2367
2015-10-01,65.7364
2015-10-02,65.0336
2015-10-03,65.9414
2015-10-06,65.6248
2015-10-07,65.0962
2015-10-08,62.7061
2015-10-09,62.2942
2015-10-10,61.2967
2015-10-13,61.1535
2015-10-14,62.2237
2015-10-15,63.1248
2015-10-16,62.2433
2015-10-17,61.3587
2015-10-20,61.4419
2015-10-21,62.162
2015-10-22,62.6309
2015-10-23,62.7888
2015-10-24,61.9286
2015-10-27,62.5038
2015-10-28,63.5004
2015-10-29,65.3159
2015-10-30,64.1686
2015-10-31,64.3742
2015-11-03,63.7993
2015-11-04,63.8525
2015-11-06,63.3991
2015-11-07,63.6832
2015-11-10,64.6606
2015-11-11,64.3908
2015-11-12,64.5693
2015-11-13,65.4541
2015-11-14,66.6343
2015-11-17,66.4607
2015-11-18,65.4799
2015-11-19,64.7785
2015-11-20,64.912
2015-11-21,64.8673
2015-11-24,65.5973
2015-11-25,65.621
2015-11-26,65.4789
2015-11-27,65.6836
2015-11-28,66.2393
2015-12-01,66.737
2015-12-02,66.2584
2015-12-03,66.7402
2015-12-04,67.7691
2015-12-05,67.6698
2015-12-08,68.5156
2015-12-09,69.3026
2015-12-10,69.2
2015-12-11,69.2151
2015-12-12,69.1755
2015-12-15,70.2244
2015-12-16,70.8295
2015-12-17,70.4012
2015-12-18,70.5806
2015-12-19,71.3215
2015-12-22,71.2553
2015-12-23,71.1211
2015-12-24,70.9333
2015-12-25,69.5165
2015-12-26,70.269
2015-12-29,70.7865
2015-12-30,72.5066
2015-12-31,72.8827
2016-01-01,72.9299
2016-01-12,75.9507
2016-01-13,76.6041
2016-01-14,76.4275
2016-01-15,76.523
2016-01-16,76.565
2016-01-19,78.6678
2016-01-20,78.4862
2016-01-21,79.4614
2016-01-22,83.5913
2016-01-23,80.5714
2016-01-26,77.7965
2016-01-27,81.8394
2016-01-28,78.9969
2016-01-29,77.3674
2016-01-30,75.1723
2016-02-02,76.3264
2016-02-03,77.9273
2016-02-04,79.2593
2016-02-05,76.4609
2016-02-06,77.3409
2016-02-09,76.8614
2016-02-10,78.6805
2016-02-11,79.0689
2016-02-12,79.1144
2016-02-13,79.4951
2016-02-16,77.7792
2016-02-17,76.245
2016-02-18,77.8503
2016-02-19,75.4575
2016-02-20,76.3657
2016-02-21,77.1326
2016-02-25,76.3928
2016-02-26,76.3929
2016-02-27,75.0903
2016-03-01,75.8994
2016-03-02,74.0536
2016-03-03,73.6256
2016-03-04,73.8242
2016-03-05,73.1854
2016-03-10,72.3775
2016-03-11,71.0928
2016-03-12,70.3067
2016-03-15,70.1542
2016-03-16,70.5408
2016-03-17,71.0256
2016-03-18,68.5598
2016-03-19,68.4026
2016-03-22,68.8086
2016-03-23,67.7764
2016-03-24,67.6409
2016-03-25,68.9328
2016-03-26,68.4346
2016-03-29,67.7807
2016-03-30,68.7549
2016-03-31,67.6076
2016-04-01,67.8552
2016-04-02,67.141
2016-04-05,68.6753
2016-04-06,68.8901
2016-04-07,68.5215
2016-04-08,67.796
2016-04-09,67.4662
2016-04-12,67.125
2016-04-13,66.3456
2016-04-14,65.7662
2016-04-15,66.4954
2016-04-16,66.0452
2016-04-19,68.2724
2016-04-20,65.6474
2016-04-21,66.0364
2016-04-22,65.0254
2016-04-23,66.2198
2016-04-26,66.6295
2016-04-27,66.4559
2016-04-28,65.1618
2016-04-29,65.1133
2016-04-30,64.3334
2016-05-05,66.1718
2016-05-06,65.8918
2016-05-07,66.1928
2016-05-11,66.3277
2016-05-12,66.2428
2016-05-13,64.9607
2016-05-14,64.9306
2016-05-17,64.8895
2016-05-18,64.5138
2016-05-19,65.0641
2016-05-20,66.211
2016-05-21,66.3775
2016-05-24,67.0475
2016-05-25,67.0493
2016-05-26,65.8949
2016-05-27,65.2062
2016-05-28,66.0413
2016-05-31,66.0825
2016-06-01,65.9962
2016-06-02,66.6156
2016-06-03,66.7491
2016-06-04,66.8529
2016-06-07,65.7894
2016-06-08,65.2089
2016-06-09,64.6797
2016-06-10,63.7402
2016-06-11,64.7077
2016-06-15,66.0306
2016-06-16,65.9156
2016-06-17,65.8618
2016-06-18,65.4398
2016-06-21,64.1509
2016-06-22,64.1743
2016-06-23,63.7162
2016-06-24,64.3212
2016-06-25,65.5287
2016-06-28,65.0588
2016-06-29,64.8095
2016-06-30,64.2575
2016-07-01,64.1755
2016-07-02,64.0165
2016-07-05,63.6844
2016-07-06,64.2676
2016-07-07,64.6304
2016-07-08,64.05
2016-07-09,64.2488
2016-07-12,64.2024
2016-07-13,63.9029
2016-07-14,63.8531
2016-07-15,63.5773
2016-07-16,63.1697
2016-07-19,63.1154
2016-07-20,62.9891
2016-07-21,63.4183
2016-07-22,63.7373
2016-07-23,64.627
2016-07-26,64.9184
2016-07-27,65.7408
2016-07-28,65.9467
2016-07-29,66.1125
2016-07-30,67.0512
2016-08-02,65.9553
2016-08-03,66.8816
2016-08-04,66.742
2016-08-05,66.3941
2016-08-06,65.5627
2016-08-09,65.0799
2016-08-10,64.7848
2016-08-11,64.8137
2016-08-12,64.9497
2016-08-13,64.3364
2016-08-16,64.2076
2016-08-17,63.9514
2016-08-18,63.9943
2016-08-19,63.5487
2016-08-20,63.9391
2016-08-23,64.2078
2016-08-24,64.7684
2016-08-25,64.814
2016-08-26,64.9459
2016-08-27,64.738
2016-08-30,65.081
2016-08-31,64.9072
2016-09-01,65.2535
2016-09-02,65.2566
2016-09-03,65.8684
2016-09-06,64.7644
2016-09-07,64.8306
2016-09-08,64.3804
2016-09-09,63.973
2016-09-10,64.1617
2016-09-13,65.0539
2016-09-14,64.8102
2016-09-15,64.9737
2016-09-16,65.217
2016-09-17,64.994
2016-09-20,64.9173
2016-09-21,64.7513
2016-09-22,64.4424
2016-09-23,63.7942
2016-09-24,63.8642
2016-09-27,64.1506
2016-09-28,63.6921
2016-09-29,63.9509
2016-09-30,63.1581
2016-10-01,63.396
2016-10-04,62.5477
2016-10-05,62.4323
2016-10-06,62.4583
2016-10-07,62.39
2016-10-08,62.3031
2016-10-11,62.3884
2016-10-12,62.1946
2016-10-13,62.5892
2016-10-14,63.3465
2016-10-15,62.9934
2016-10-18,63.151
2016-10-19,62.89
2016-10-20,62.5841
2016-10-21,62.4194
2016-10-22,62.4499
2016-10-25,62.2349
2016-10-26,62.048
2016-10-27,62.2597
2016-10-28,63.0399
2016-10-29,62.9037
2016-11-01,63.2174
2016-11-02,63.2025
2016-11-03,63.4166
2016-11-04,63.5043
2016-11-08,63.9074
2016-11-09,63.7364
2016-11-10,63.8928
